<?xml version="1.0" encoding="UTF-8" ?>
<!DOCTYPE mapper
        PUBLIC "-//mybatis.org//DTD Mapper 3.0//EN"
        "http://mybatis.org/dtd/mybatis-3-mapper.dtd">
<mapper namespace="com.itheima.mapper.BrandMapper">

    <resultMap id="brandResultMap" type="brand">
        <result property="brandName" column="brand_name" />
        <result property="companyName" column="company_name" />
    </resultMap>

    <delete id="deleteByIds">
        delete from tb_brand where id in
                             <foreach collection="ids" item="id" separator="," open="(" close=")">
                                 #{id}
                             </foreach>
    </delete>


    <!-- 查询满足条件的数据并进行分页 -->
    <select id="selectByPageAndCondition" resultType="com.itheima.pojo.Brand" resultMap="brandResultMap">
        select * from tb_brand
            <where>
                <if test="brand.brandName != null and brand.brandName != ''">
                    and brand_name like concat('%', #{brand.brandName}, '%')
                </if>
                <if test="brand.companyName != null and brand.companyName != ''">
                    and company_name like concat('%', #{brand.companyName}, '%')
                </if>
                <if test="brand.status != null and brand.status != ''">
                    and status like concat('%', #{brand.status}, '%')
                </if>
            </where>
            limit #{begin}, #{size}
    </select>


    <!-- 查询满足条件的数据总数 -->
    <select id="selectTotalCountByCondition" resultType="java.lang.Integer">
        select count(*) from tb_brand
        <where>
            <if test="brandName != null and brandName != ''">
                and brand_name like concat('%', #{brandName}, '%')
            </if>
            <if test="companyName != null and companyName != ''">
                and company_name like concat('%', #{companyName}, '%')
            </if>
            <if test="status != null and status != ''">
                and status like concat('%', #{status}, '%')
            </if>
        </where>
    </select>


</mapper>
